,Model,Train R²,Test R²,Train MSE,Test MSE,Train MAE,Test MAE,Train MAPE,Test MAPE
0,Ridge,0.9973410962406885,-0.16524308038980506,281253.9864140542,733697.308629926,408.1734030058455,790.605796423275,0.7826783474829963,1.0639976036706307
1,OLS,0.9976618177226403,0.05128828127042029,247328.65345993952,597357.9645413649,350.8848691674995,701.1736970377519,0.6632051275779338,0.9436893487321109
2,XGBOOST,0.9999999093474595,-1.827491448465763,9.589060264721251,1780334.851007635,2.4728447094298245,1113.9133522727273,0.004949017851177721,1.4834716907758427
