Model,Train R²,Test R²,Train MSE,Test MSE,Train MAE,Test MAE,Train MAPE,Test MAPE
Ridge,0.998615626618103,0.806354961739385,153997.4906617706,135045.6076038593,259.12123394768855,310.94200352984626,0.501147943108304,0.41580890475236304
OLS,0.9988395587476777,0.8081858527246868,129087.31362137808,133768.7673202794,254.16713040801014,317.38159856441297,0.49325649892430995,0.42551268039877044
ARIMA,0.8997456683993394,-12.149647434057178,11152277.04921513,9170398.288846612,2116.6261709597943,3021.4832797633026,3.518123115444648,4.058551340984773
